{
  "_fv": 57,
  "_type": "tool",
  "definition": {
    "toolType": "MultiTool",
    "renderType": 0,
    "blockingRenderType": 0,
    "texture": "diamond_paxel",
    "customModelName": "Normal",
    "blockingModelName": "Normal blocking",
    "name": "Diamond Paxel",
    "specialInformation": {
      "fixedValue": []
    },
    "creativeTab": {
      "value": "TOOLS"
    },
    "harvestLevel": 3,
    "efficiency": 8.5,
    "attackSpeed": 1.0,
    "enchantability": 10,
    "damageVsEntity": 4.0,
    "usageCount": 1561,
    "blocksAffected": [],
    "glowCondition": {
      "fixedValue": false
    },
    "repairItems": [
      {
        "value": "Items.DIAMOND"
      }
    ],
    "immuneToFire": false,
    "stayInGridWhenCrafting": false,
    "damageOnCrafting": false,
    "onRightClickedOnBlock": {
      "name": "PaxelRightClick"
    }
  }
}