{
  "_fv": 57,
  "_type": "recipe",
  "definition": {
    "recipeType": "Crafting",
    "recipeRetstackSize": 1,
    "group": "",
    "cookingBookCategory": "MISC",
    "xpReward": 0.0,
    "cookingTime": 200,
    "craftingBookCategory": "EQUIPMENT",
    "recipeShapeless": false,
    "recipeSlots": [
      {
        "value": "Items.IRON_AXE"
      },
      {
        "value": "Items.IRON_PICKAXE"
      },
      {
        "value": "Items.IRON_HOE"
      },
      {
        "value": "Items.IRON_SHOVEL"
      },
      {
        "value": "Items.STICK"
      },
      {
        "value": ""
      },
      {
        "value": ""
      },
      {
        "value": "Items.STICK"
      },
      {
        "value": ""
      }
    ],
    "recipeReturnStack": {
      "value": "CUSTOM:IronPaxel"
    },
    "name": "iron_paxel_tool",
    "namespace": "mod"
  }
}