{
  "_fv": 57,
  "_type": "tool",
  "definition": {
    "toolType": "MultiTool",
    "renderType": 0,
    "blockingRenderType": 0,
    "texture": "iron_paxel",
    "customModelName": "Normal",
    "blockingModelName": "Normal blocking",
    "name": "Iron Paxel",
    "specialInformation": {
      "fixedValue": []
    },
    "creativeTab": {
      "value": "TOOLS"
    },
    "harvestLevel": 2,
    "efficiency": 6.5,
    "attackSpeed": 0.9,
    "enchantability": 14,
    "damageVsEntity": 4.0,
    "usageCount": 250,
    "blocksAffected": [],
    "glowCondition": {
      "fixedValue": false
    },
    "repairItems": [
      {
        "value": "Items.IRON_INGOT"
      }
    ],
    "immuneToFire": false,
    "stayInGridWhenCrafting": false,
    "damageOnCrafting": false,
    "onRightClickedOnBlock": {
      "name": "PaxelRightClick"
    }
  }
}