{
  "_fv": 57,
  "_type": "tool",
  "definition": {
    "toolType": "MultiTool",
    "renderType": 0,
    "blockingRenderType": 0,
    "texture": "stone_paxel",
    "customModelName": "Normal",
    "blockingModelName": "Normal blocking",
    "name": "Stone Paxel",
    "specialInformation": {
      "fixedValue": []
    },
    "creativeTab": {
      "value": "TOOLS"
    },
    "harvestLevel": 1,
    "efficiency": 4.5,
    "attackSpeed": 0.8,
    "enchantability": 5,
    "damageVsEntity": 9.0,
    "usageCount": 131,
    "blocksAffected": [],
    "glowCondition": {
      "fixedValue": false
    },
    "repairItems": [],
    "immuneToFire": false,
    "stayInGridWhenCrafting": false,
    "damageOnCrafting": false,
    "onRightClickedOnBlock": {
      "name": "PaxelRightClick"
    }
  }
}