{
  "_fv": 57,
  "_type": "tool",
  "definition": {
    "toolType": "MultiTool",
    "renderType": 0,
    "blockingRenderType": 0,
    "texture": "wooden_paxel",
    "customModelName": "Normal",
    "blockingModelName": "Normal blocking",
    "name": "Wooden Paxel",
    "specialInformation": {
      "fixedValue": []
    },
    "creativeTab": {
      "value": "TOOLS"
    },
    "harvestLevel": 0,
    "efficiency": 2.5,
    "attackSpeed": 0.8,
    "enchantability": 2,
    "damageVsEntity": 7.0,
    "usageCount": 59,
    "blocksAffected": [],
    "glowCondition": {
      "fixedValue": false
    },
    "repairItems": [],
    "immuneToFire": false,
    "stayInGridWhenCrafting": false,
    "damageOnCrafting": false,
    "onRightClickedOnBlock": {
      "name": "PaxelRightClick"
    }
  }
}