{
  "schemaVersion": 1,
  "id": "simply_paxels",
  "version": "1.0.0",
  "name": "Simply Paxels",
  "description": "Simply Paxels",
  "authors": [
    "qzxr, MCreator"
  ],
  "contact": {
    "homepage": "https://mcreator.net",
    "sources": ""
  },
  "license": "Academic Free License v3.0",
  "accessWidener": "simply_paxels.accesswidener",
  "environment": "*",
  "entrypoints": {
    "main": [
      "net.mcreator.simplypaxels.SimplyPaxelsMod"
    ],
    "client": [
      "net.mcreator.simplypaxels.ClientInit"
    ]
  },
  "depends": {
    "fabricloader": ">=0.14.21",
    "fabric": "*",
    "minecraft": "~1.20",
    "java": ">=17"
  },
  "mixins": [
    "simply_paxels.mixins.json"
  ]
}